metadataPID,num_datasets
doi:10.18739/A24Q7QR0V,1
doi:10.18739/A20C4SK70,3
doi:10.18739/A26M3340D,3
doi:10.18739/A2F18SG0C,5
doi:10.18739/A2VH5CJ8K,8
