metadataPID,num_datasets
doi:10.18739/A23F4KN90,91
doi:10.18739/A23X83M2Q,387
doi:10.18739/A2057CS9R,392
doi:10.18739/A20P0WR53,719
doi:10.18739/A20R9M45T,362
doi:10.18739/A20Z70X4H,733
doi:10.18739/A22N4ZJ4J,261
doi:10.18739/A22R3NX6C,368
doi:10.18739/A21G0HV73,343
doi:10.18739/A21Z41T4R,704
doi:10.18739/A27H1DN2B,325
doi:10.18739/A24Q7QQ88,720
doi:10.18739/A25Q4RM71,692
doi:10.18739/A27940V24,171
doi:10.18739/A28911R3V,208
doi:10.18739/A2862BC30,383
doi:10.18739/A28G8FJ21,733
doi:10.18739/A2901ZG63,356
doi:10.18739/A2959C81Q,359
doi:10.18739/A29G5GF09,716
doi:10.18739/A29Z90C6V,390
doi:10.18739/A2CZ3256B,90
doi:10.18739/A2B853J5R,361
doi:10.18739/A2B27PR74,215
doi:10.18739/A2B27PR93,181
doi:10.18739/A2BN9X32Q,750
doi:10.18739/A2BC3SX8P,711
doi:10.18739/A2C824F6G,364
doi:10.18739/A2C24QN7C,350
doi:10.18739/A2GQ6R30G,352
doi:10.18739/A2GT5FG29,378
doi:10.18739/A2D795B5P,722
doi:10.18739/A2D21RJ83,339
doi:10.18739/A2D55H,427
doi:10.18739/A2DR2P90J,710
doi:10.18739/A2DV1CP3V,365
doi:10.18739/A2F47GV26,728
doi:10.18739/A2FQ9Q607,365
doi:10.18739/A2FT8DK22,381
doi:10.18739/A2FT8DK3J,363
doi:10.18739/A2G15TB9H,583
doi:10.18739/A2G44HR2F,735
doi:10.18739/A2KK94C7P,389
doi:10.18739/A2KW57J7R,716
doi:10.18739/A2HM52K68,360
doi:10.18739/A2HX15R5V,720
doi:10.18739/A2HT2GC2J,363
doi:10.18739/A2JM23G70,356
doi:10.18739/A2NK36556,365
doi:10.18739/A2NP1WJ9M,930
doi:10.18739/A2NS0KX61,468
doi:10.18739/A2MK6586F,364
doi:10.18739/A2MP4VN9C,363
doi:10.18739/A2SF2MC4V,152
doi:10.18739/A2PN8XG1W,724
doi:10.18739/A2PC2T92V,217
doi:10.18739/A2RB6W29Q,406
doi:10.18739/A2RF5KG34,362
doi:10.18739/A2Q52FD4V,365
doi:10.18739/A2QN5ZC14,404
doi:10.18739/A2QB9V612,388
doi:10.18739/A2QF8JK3W,422
doi:10.18739/A2QR9P,708
doi:10.18739/A2S756K73,359
doi:10.18739/A2WP9T732,366
doi:10.18739/A2WW77093,365
doi:10.18739/A2T43J360,205
doi:10.18739/A2TD9N851,710
doi:10.18739/A2TX3568P,326
doi:10.18739/A2V40K048,346
doi:10.18739/A2W08WH17,354
doi:10.18739/A2XW47X01,361
doi:10.18739/A2ZP3W13J,139
doi:10.18739/A2ZW18S76,368
doi:10.18739/A2SJ19R0S,998
